ANNO;GRUPO;ESTUDIO;CURSO
2025;SMRDmodPT;CFGM (Modular presencial) (Sistemas Microinform. y Redes);CFGM (Mod. Presencial) (LOE) - Sistemas Microinformáticos y Redes
2025;SMRVmodPR;CFGM (Modular presencial) (Sistemas Microinform. y Redes);CFGM (Mod. Presencial) (LOE) - Sistemas Microinformáticos y Redes
2025;SMRDmodPR;CFGM (Modular presencial) (Sistemas Microinform. y Redes);CFGM (Mod. Presencial) (LOE) - Sistemas Microinformáticos y Redes
2025;SMRVmodPT;CFGM (Modular presencial) (Sistemas Microinform. y Redes);CFGM (Mod. Presencial) (LOE) - Sistemas Microinformáticos y Redes
2025;1 PEFP JAR;PEFP de Actividades auxiliares en viveros, jardines y centros de jardinería;1º de PEFP - Actividades Auxiliares en Viveros, Jardines y Centros de Jardinería
2025;2 PEFP JAR;PEFP de Actividades auxiliares en viveros, jardines y centros de jardinería;2º de PEFP - Actividades Auxiliares en Viveros, Jardines y Centros de Jardinería
2025;GAV mod PR;CFGM (Modular presencial) (Gestión Administrativa) (LOE);CFGM (Mod. Presencial) (LOE) - Gestión Administrativa
2025;GAD mod PT;CFGM (Modular presencial) (Gestión Administrativa) (LOE);CFGM (Mod. Presencial) (LOE) - Gestión Administrativa
2025;GAD mod PR;CFGM (Modular presencial) (Gestión Administrativa) (LOE);CFGM (Mod. Presencial) (LOE) - Gestión Administrativa
2025;GAV mod PT;CFGM (Modular presencial) (Gestión Administrativa) (LOE);CFGM (Mod. Presencial) (LOE) - Gestión Administrativa
2025;ASIRmodPT;CFGS (Modular presencial) (Adm. Sist. Inform. en Red) LOE;CFGS (Mod. Presencial) (LOE) - Administración de Sistemas Informáticos en Red
2025;ASIR.MODUL;CFGS (Modular presencial) (Adm. Sist. Inform. en Red) LOE;CFGS (Mod. Presencial) (LOE) - Administración de Sistemas Informáticos en Red
2025;ASIRmodPR;CFGS (Modular presencial) (Adm. Sist. Inform. en Red) LOE;CFGS (Mod. Presencial) (LOE) - Administración de Sistemas Informáticos en Red
2025;ASIR_TEC;CFGS (Modular presencial) (Adm. Sist. Inform. en Red) LOE;CFGS (Mod. Presencial) (LOE) - Administración de Sistemas Informáticos en Red
2025;AD_TEC;CFGS (Modular presencial) (Asistencia a la dirección);CFGS (Mod. Presencial) (LOE) - Asistencia a la Dirección
2025;ADmodPR;CFGS (Modular presencial) (Asistencia a la dirección);CFGS (Mod. Presencial) (LOE) - Asistencia a la Dirección
2025;ADmodPT;CFGS (Modular presencial) (Asistencia a la dirección);CFGS (Mod. Presencial) (LOE) - Asistencia a la Dirección
2025;AFDmodPT;CFGS (Modular presencial) (Administración y finanzas) LOE;CFGS (Mod. Presencial) (LOE) - Administración y Finanzas
2025;AFDmodPR;CFGS (Modular presencial) (Administración y finanzas) LOE;CFGS (Mod. Presencial) (LOE) - Administración y Finanzas
2025;AFVmodPT;CFGS (Modular presencial) (Administración y finanzas) LOE;CFGS (Mod. Presencial) (LOE) - Administración y Finanzas
2025;AFVmodPR;CFGS (Modular presencial) (Administración y finanzas) LOE;CFGS (Mod. Presencial) (LOE) - Administración y Finanzas
2025;AFD_TEC;CFGS (Modular presencial) (Administración y finanzas) LOE;CFGS (Mod. Presencial) (LOE) - Administración y Finanzas
2025;AFV_TEC;CFGS (Modular presencial) (Administración y finanzas) LOE;CFGS (Mod. Presencial) (LOE) - Administración y Finanzas
2025;DAMDmodPR;CFGS (Modular presencial) (Desarrollo aplicaciones multiplataforma);CFGS (Mod. Presencial) (LOE) - Desarrollo de Aplicaciones Multiplataforma
2025;DAMVmodPR;CFGS (Modular presencial) (Desarrollo aplicaciones multiplataforma);CFGS (Mod. Presencial) (LOE) - Desarrollo de Aplicaciones Multiplataforma
2025;DAMDmodPT;CFGS (Modular presencial) (Desarrollo aplicaciones multiplataforma);CFGS (Mod. Presencial) (LOE) - Desarrollo de Aplicaciones Multiplataforma
2025;DAMD_TEC;CFGS (Modular presencial) (Desarrollo aplicaciones multiplataforma);CFGS (Mod. Presencial) (LOE) - Desarrollo de Aplicaciones Multiplataforma
2025;DAMVmodPT;CFGS (Modular presencial) (Desarrollo aplicaciones multiplataforma);CFGS (Mod. Presencial) (LOE) - Desarrollo de Aplicaciones Multiplataforma
2025;DAMV_TEC;CFGS (Modular presencial) (Desarrollo aplicaciones multiplataforma);CFGS (Mod. Presencial) (LOE) - Desarrollo de Aplicaciones Multiplataforma
2025;DAWmodPR;CFGS (Modular presencial) (Desarrollo de aplicaciones web);CFGS (Mod. Presencial) (LOE) - Desarrollo de Aplicaciones Web
2025;DAW_TEC;CFGS (Modular presencial) (Desarrollo de aplicaciones web);CFGS (Mod. Presencial) (LOE) - Desarrollo de Aplicaciones Web
2025;DAWmodPT;CFGS (Modular presencial) (Desarrollo de aplicaciones web);CFGS (Mod. Presencial) (LOE) - Desarrollo de Aplicaciones Web
2025;GA V MOD;CFGM (Modular presencial) (Gestión Administrativa) (LOE);CFGM (Mod. Presencial) (LOFP) - Gestión Administrativa
2025;GA D MOD;CFGM (Modular presencial) (Gestión Administrativa) (LOE);CFGM (Mod. Presencial) (LOFP) - Gestión Administrativa
2025;ASIR MOD;CFGS (Modular presencial) (Adm. Sist. Inform. en Red) LOE;CFGS (Mod. Presencial) (LOFP) - Administración de Sistemas Informáticos en Red
2025;DAM D MOD;CFGS (Modular presencial) (Desarrollo aplicaciones multiplataforma);CFGS (Mod. Presencial) (LOFP) - Desarrollo de Aplicaciones Multiplataforma
2025;DAM V MOD;CFGS (Modular presencial) (Desarrollo aplicaciones multiplataforma);CFGS (Mod. Presencial) (LOFP) - Desarrollo de Aplicaciones Multiplataforma
2025;DAW MOD;CFGS (Modular presencial) (Desarrollo de aplicaciones web);CFGS (Mod. Presencial) (LOFP) - Desarrollo de Aplicaciones Web
2025;AF D MOD;CFGS (Modular presencial) (Administración y finanzas) LOE;CFGS (Mod. Presencial) (LOFP) - Administración y Finanzas
2025;AF V MOD;CFGS (Modular presencial) (Administración y finanzas) LOE;CFGS (Mod. Presencial) (LOFP) - Administración y Finanzas
2025;X2º ASIR D;CFGS   (Administración de Sistemas Informáticos en Red);2º de CFGS (LOFP) - Administración de Sistemas Informáticos en Red
2025;2º ASIR D;CFGS   (Administración de Sistemas Informáticos en Red);2º de CFGS (LOFP) - Administración de Sistemas Informáticos en Red
2025;AD MOD;CFGS (Modular presencial) (Asistencia a la dirección);CFGS (Mod. Presencial) (LOFP) - Asistencia a la Dirección
2025;1º DAM D;CFGS   (Desarrollo de Aplicaciones Multiplataforma);1º de CFGS (LOFP) - Desarrollo de Aplicaciones Multiplataforma
2025;X1º DAM D;CFGS   (Desarrollo de Aplicaciones Multiplataforma);1º de CFGS (LOFP) - Desarrollo de Aplicaciones Multiplataforma
2025;X1º DAM V;CFGS   (Desarrollo de Aplicaciones Multiplataforma);1º de CFGS (LOFP) - Desarrollo de Aplicaciones Multiplataforma
2025;1º DAM V;CFGS   (Desarrollo de Aplicaciones Multiplataforma);1º de CFGS (LOFP) - Desarrollo de Aplicaciones Multiplataforma
2025;X2º DAM D;CFGS   (Desarrollo de Aplicaciones Multiplataforma);2º de CFGS (LOFP) - Desarrollo de Aplicaciones Multiplataforma
2025;2º DAM V;CFGS   (Desarrollo de Aplicaciones Multiplataforma);2º de CFGS (LOFP) - Desarrollo de Aplicaciones Multiplataforma
2025;2º DAM D;CFGS   (Desarrollo de Aplicaciones Multiplataforma);2º de CFGS (LOFP) - Desarrollo de Aplicaciones Multiplataforma
2025;X2º DAM V;CFGS   (Desarrollo de Aplicaciones Multiplataforma);2º de CFGS (LOFP) - Desarrollo de Aplicaciones Multiplataforma
2025;X1 CFGB SA;CF de Grado Básico (Servicios administrativos);1º CFGB (LOFP) - Servicios Administrativos
2025;1º CFGB SA;CF de Grado Básico (Servicios administrativos);1º CFGB (LOFP) - Servicios Administrativos
2025;1º AF D BL;CFGS   (Administración y Finanzas);1º de CFGS (LOFP) - Administración y Finanzas
2025;1º AF V BL;CFGS   (Administración y Finanzas);1º de CFGS (LOFP) - Administración y Finanzas
2025;1º AF D;CFGS   (Administración y Finanzas);1º de CFGS (LOFP) - Administración y Finanzas
2025;1º AF V;CFGS   (Administración y Finanzas);1º de CFGS (LOFP) - Administración y Finanzas
2025;X1º AF D;CFGS   (Administración y Finanzas);1º de CFGS (LOFP) - Administración y Finanzas
2025;X1º AF V;CFGS   (Administración y Finanzas);1º de CFGS (LOFP) - Administración y Finanzas
2025;2º AF V;CFGS   (Administración y Finanzas);2º de CFGS (LOFP) - Administración y Finanzas
2025;2ºAFD-BL;CFGS   (Administración y Finanzas);2º de CFGS (LOFP) - Administración y Finanzas
2025;X2º AF V;CFGS   (Administración y Finanzas);2º de CFGS (LOFP) - Administración y Finanzas
2025;2º AF V BL;CFGS   (Administración y Finanzas);2º de CFGS (LOFP) - Administración y Finanzas
2025;2º AF D;CFGS   (Administración y Finanzas);2º de CFGS (LOFP) - Administración y Finanzas
2025;X1 CFGB IO;CF de Grado Básico (Informática de oficina);1º CFGB (LOFP) - Informática de oficina
2025;1º CFGB IO;CF de Grado Básico (Informática de oficina);1º CFGB (LOFP) - Informática de oficina
2025;X2 CFGB SA;CF de Grado Básico (Servicios administrativos);2º CFGB (LOFP) - Servicios Administrativos
2025;2º CFGB SA;CF de Grado Básico (Servicios administrativos);2º CFGB (LOFP) - Servicios Administrativos
2025;1º SMR D;CFGM   (Sistemas Microinformáticos y Redes);1º de CFGM (LOFP) - Sistemas Microinformáticos y Redes
2025;X1º SMR D;CFGM   (Sistemas Microinformáticos y Redes);1º de CFGM (LOFP) - Sistemas Microinformáticos y Redes
2025;1º SMR V;CFGM   (Sistemas Microinformáticos y Redes);1º de CFGM (LOFP) - Sistemas Microinformáticos y Redes
2025;X1º SMR V;CFGM   (Sistemas Microinformáticos y Redes);1º de CFGM (LOFP) - Sistemas Microinformáticos y Redes
2025;X1º AD V;CFGS   (Asistencia a la Dirección);1º de CFGS (LOFP) - Asistencia a la Dirección
2025;1º AD V;CFGS   (Asistencia a la Dirección);1º de CFGS (LOFP) - Asistencia a la Dirección
2025;1º AD V BL;CFGS   (Asistencia a la Dirección);1º de CFGS (LOFP) - Asistencia a la Dirección
2025;X2º AD V;CFGS   (Asistencia a la Dirección);2º de CFGS (LOFP) - Asistencia a la Dirección
2025;2º AD V;CFGS   (Asistencia a la Dirección);2º de CFGS (LOFP) - Asistencia a la Dirección
2025;2º AD V BL;CFGS   (Asistencia a la Dirección);2º de CFGS (LOFP) - Asistencia a la Dirección
2025;X2 CFGB IO;CF de Grado Básico (Informática de oficina);2º CFGB (LOFP) - Informática de oficina
2025;2º CFGB IO;CF de Grado Básico (Informática de oficina);2º CFGB (LOFP) - Informática de oficina
2025;1º ASIR D;CFGS   (Administración de Sistemas Informáticos en Red);1º de CFGS (LOFP) - Administración de Sistemas Informáticos en Red
2025;X1º ASIR D;CFGS   (Administración de Sistemas Informáticos en Red);1º de CFGS (LOFP) - Administración de Sistemas Informáticos en Red
2025;1º DAW D;CFGS   (Desarrollo de Aplicaciones Web);1º de CFGS (LOFP) - Desarrollo de Aplicaciones Web
2025;X1º DAW D;CFGS   (Desarrollo de Aplicaciones Web);1º de CFGS (LOFP) - Desarrollo de Aplicaciones Web
2025;2º DAW D;CFGS   (Desarrollo de Aplicaciones Web);2º de CFGS (LOFP) - Desarrollo de Aplicaciones Web
2025;X2º DAW D;CFGS   (Desarrollo de Aplicaciones Web);2º de CFGS (LOFP) - Desarrollo de Aplicaciones Web
2025;2º SMR D;CFGM   (Sistemas Microinformáticos y Redes);2º de CFGM (LOFP) - Sistemas Microinformáticos y Redes
2025;2º SMR V;CFGM   (Sistemas Microinformáticos y Redes);2º de CFGM (LOFP) - Sistemas Microinformáticos y Redes
2025;X2º SMR D;CFGM   (Sistemas Microinformáticos y Redes);2º de CFGM (LOFP) - Sistemas Microinformáticos y Redes
2025;X2º SMR V;CFGM   (Sistemas Microinformáticos y Redes);2º de CFGM (LOFP) - Sistemas Microinformáticos y Redes
2025;1º GA D;CFGM   (Gestión Administrativa);1º de CFGM (LOFP) - Gestión Administrativa
2025;X1º GA D;CFGM   (Gestión Administrativa);1º de CFGM (LOFP) - Gestión Administrativa
2025;1º GA V;CFGM   (Gestión Administrativa);1º de CFGM (LOFP) - Gestión Administrativa
2025;X1º GA V;CFGM   (Gestión Administrativa);1º de CFGM (LOFP) - Gestión Administrativa
2025;X2º GA D;CFGM   (Gestión Administrativa);2º de CFGM (LOFP) - Gestión Administrativa
2025;X2º GA V;CFGM   (Gestión Administrativa);2º de CFGM (LOFP) - Gestión Administrativa
2025;2º GA D;CFGM   (Gestión Administrativa);2º de CFGM (LOFP) - Gestión Administrativa
2025;2º GA V;CFGM   (Gestión Administrativa);2º de CFGM (LOFP) - Gestión Administrativa
2025;XASIR_V;CFGS (Mod. e-learning) (Administración de sistemas informáticas en red);CFGS (Mod. E-Learning) (LOFP) - Administración de Sistemas Informáticos en Red
2025;ASIR_V;CFGS (Mod. e-learning) (Administración de sistemas informáticas en red);CFGS (Mod. E-Learning) (LOFP) - Administración de Sistemas Informáticos en Red
2025;AD_V;CFGS (Modular e-learning) (Asistencia a la Dirección);CFGS (Mod. E-Learning) (LOFP) - Asistencia a la Dirección
2025;XAD_V;CFGS (Modular e-learning) (Asistencia a la Dirección);CFGS (Mod. E-Learning) (LOFP) - Asistencia a la Dirección
2025;DAM_V;CFGS (Modular E-Learning) (Desarrollo Aplicaciones Multiplataf);CFGS (Mod. E-Learning) (LOFP) - Desarrollo de Aplicaciones Multiplataforma
2025;XDAM_V;CFGS (Modular E-Learning) (Desarrollo Aplicaciones Multiplataf);CFGS (Mod. E-Learning) (LOFP) - Desarrollo de Aplicaciones Multiplataforma
2025;CUR PYTHON;CEGS Desarrollo de aplicaciones en lenguaje Python;Curso de Esp. Desarrollo de aplicaciones en lenguaje Python (LOFP)
2025;XCUR PYTHO;CEGS Desarrollo de aplicaciones en lenguaje Python;Curso de Esp. Desarrollo de aplicaciones en lenguaje Python (LOFP)
2025;SMR_V;CFGM (Modular e-learning) (Sistemas Microinform. Redes);CFGM (Mod. E-Learning) (LOFP) - Sistemas Microinformáticos y Redes
2025;XSMR_V;CFGM (Modular e-learning) (Sistemas Microinform. Redes);CFGM (Mod. E-Learning) (LOFP) - Sistemas Microinformáticos y Redes
2025;SRM D MOD;CFGM (Modular presencial) (Sistemas Microinform. y Redes);CFGM (Mod. Presencial) (LOFP) - Sistemas Microinformáticos y Redes
2025;SMR V MOD;CFGM (Modular presencial) (Sistemas Microinform. y Redes);CFGM (Mod. Presencial) (LOFP) - Sistemas Microinformáticos y Redes
2025;CAGM;Curso de acceso a CFGM;Curso de acceso a CFGM
2025;F 1º;Educación Secundaria Obligatoria;1º de ESO (LOMLOE)
2025;1ºA BL;Educación Secundaria Obligatoria;1º de ESO (LOMLOE)
2025;1ºA NBL;Educación Secundaria Obligatoria;1º de ESO (LOMLOE)
2025;1ºB NBL;Educación Secundaria Obligatoria;1º de ESO (LOMLOE)
2025;1ºC NBL;Educación Secundaria Obligatoria;1º de ESO (LOMLOE)
2025;1ºD NBL;Educación Secundaria Obligatoria;1º de ESO (LOMLOE)
2025;B 1º;Educación Secundaria Obligatoria;1º de ESO (LOMLOE)
2025;1ºB BL;Educación Secundaria Obligatoria;1º de ESO (LOMLOE)
2025;X 1º;Educación Secundaria Obligatoria;1º de ESO (LOMLOE)
2025;F 2º;Educación Secundaria Obligatoria;2º de ESO (LOMLOE)
2025;B 2º;Educación Secundaria Obligatoria;2º de ESO (LOMLOE)
2025;X 2º;Educación Secundaria Obligatoria;2º de ESO (LOMLOE)
2025;2ºA NBL;Educación Secundaria Obligatoria;2º de ESO (LOMLOE)
2025;2ºB NBL;Educación Secundaria Obligatoria;2º de ESO (LOMLOE)
2025;2ºD NBL;Educación Secundaria Obligatoria;2º de ESO (LOMLOE)
2025;2ºA BL;Educación Secundaria Obligatoria;2º de ESO (LOMLOE)
2025;2ºB BL;Educación Secundaria Obligatoria;2º de ESO (LOMLOE)
2025;2ºC NBL;Educación Secundaria Obligatoria;2º de ESO (LOMLOE)
2025;3ºC DIVER;Educación Secundaria Obligatoria;3º de ESO (LOMLOE)
2025;3ºD NBL;Educación Secundaria Obligatoria;3º de ESO (LOMLOE)
2025;X 3º;Educación Secundaria Obligatoria;3º de ESO (LOMLOE)
2025;3ºB DIVER;Educación Secundaria Obligatoria;3º de ESO (LOMLOE)
2025;3ºA BL;Educación Secundaria Obligatoria;3º de ESO (LOMLOE)
2025;3ºB NBL;Educación Secundaria Obligatoria;3º de ESO (LOMLOE)
2025;3ºC NBL;Educación Secundaria Obligatoria;3º de ESO (LOMLOE)
2025;B 3º;Educación Secundaria Obligatoria;3º de ESO (LOMLOE)
2025;3ºA NBL;Educación Secundaria Obligatoria;3º de ESO (LOMLOE)
2025;F 3º;Educación Secundaria Obligatoria;3º de ESO (LOMLOE)
2025;F 4º;Educación Secundaria Obligatoria;4º de ESO (LOMLOE)
2025;4ºB NBL;Educación Secundaria Obligatoria;4º de ESO (LOMLOE)
2025;4ºC BL;Educación Secundaria Obligatoria;4º de ESO (LOMLOE)
2025;4ºD NBL;Educación Secundaria Obligatoria;4º de ESO (LOMLOE)
2025;B 4º;Educación Secundaria Obligatoria;4º de ESO (LOMLOE)
2025;4ºA NBL;Educación Secundaria Obligatoria;4º de ESO (LOMLOE)
2025;4ºB BL;Educación Secundaria Obligatoria;4º de ESO (LOMLOE)
2025;X 4º;Educación Secundaria Obligatoria;4º de ESO (LOMLOE)
2025;4ºD DIVER;Educación Secundaria Obligatoria;4º de ESO (LOMLOE)
2025;4ºC NBL;Educación Secundaria Obligatoria;4º de ESO (LOMLOE)
2025;4ºA DIVER;Educación Secundaria Obligatoria;4º de ESO (LOMLOE)
2025;XCUR CIBER;CEGS (Presencial) Ciberseguridad en entornos de las tecnologías de información;Curso de Esp. en Ciberseguridad en entornos de las tecnologías de la información (LOFP)
2025;CUR CIBER;CEGS (Presencial) Ciberseguridad en entornos de las tecnologías de información;Curso de Esp. en Ciberseguridad en entornos de las tecnologías de la información (LOFP)
2025;XCUR INTEL;CEGS Inteligencia Artificial y Big Data;Curso de Esp. en Inteligencia artificial y Big Data (LOFP)
2025;CUR INTEL;CEGS Inteligencia Artificial y Big Data;Curso de Esp. en Inteligencia artificial y Big Data (LOFP)
2025;1º BACH B;Bachillerato;1º de Bachillerato - Ciencias y Tecnología (LOMLOE)
2025;1º BACH C;Bachillerato;1º de Bachillerato - Ciencias y Tecnología (LOMLOE)
2025;B C 1º;Bachillerato;1º de Bachillerato - Ciencias y Tecnología (LOMLOE)
2025;X C 1º;Bachillerato;1º de Bachillerato - Ciencias y Tecnología (LOMLOE)
2025;2º BACH B;Bachillerato;2º de Bachillerato - Ciencias y Tecnología (LOMLOE)
2025;B C 2º;Bachillerato;2º de Bachillerato - Ciencias y Tecnología (LOMLOE)
2025;X C 2º;Bachillerato;2º de Bachillerato - Ciencias y Tecnología (LOMLOE)
2025;2º BACH C;Bachillerato;2º de Bachillerato - Ciencias y Tecnología (LOMLOE)
2025;1º BACH B;Bachillerato;1º de Bachillerato - Humanidades y Ciencias Sociales (LOMLOE)
2025;X H 1º;Bachillerato;1º de Bachillerato - Humanidades y Ciencias Sociales (LOMLOE)
2025;1º BACH A;Bachillerato;1º de Bachillerato - Humanidades y Ciencias Sociales (LOMLOE)
2025;B H 1º;Bachillerato;1º de Bachillerato - Humanidades y Ciencias Sociales (LOMLOE)
2025;2º BACH B;Bachillerato;2º de Bachillerato - Humanidades y Ciencias Sociales (LOMLOE)
2025;B H 2º;Bachillerato;2º de Bachillerato - Humanidades y Ciencias Sociales (LOMLOE)
2025;X H 2º;Bachillerato;2º de Bachillerato - Humanidades y Ciencias Sociales (LOMLOE)
2025;2º BACH A;Bachillerato;2º de Bachillerato - Humanidades y Ciencias Sociales (LOMLOE)
